英文原名,中文翻译,拆词,未收录词
ADGAgeEventRefParamEffectTick,ADG推进事件引用参数效果每帧,ADG|Age|Event|Ref|Param|Effect|Tick,
ADGBuffSkillDurationEffectTick,ADG增益技能持续时间效果每帧,ADG|Buff|Skill|Duration|Effect|Tick,
ADGBuffSkillNormalParamEffectTick,ADG增益技能普通参数效果每帧,ADG|Buff|Skill|Normal|Param|Effect|Tick,
ADGBuffSkillParamEffectTick,ADG增益技能参数效果每帧,ADG|Buff|Skill|Param|Effect|Tick,
ADGChangeActorMeshPositionDuration,ADG变更角色网格位置持续时间,ADG|Change|Actor|Mesh|Position|Duration,
ADGDynamicIndicatorParamTick,ADG动态指示器参数每帧,ADG|Dynamic|Indicator|Param|Tick,
ADGEvaluateExpressTick,ADG求值表达式每帧,ADG|Evaluate|Express|Tick,
ADGHitTriggerAgeParamEffectTick,ADG命中触发推进参数效果每帧,ADG|Hit|Trigger|Age|Param|Effect|Tick,
ADGParamDebugEffectTick,ADG参数调试效果每帧,ADG|Param|Debug|Effect|Tick,
ADGParamPropertyTick,ADG参数属性每帧,ADG|Param|Property|Tick,
ADGParticleSetEmissionRateEffectTick,ADG粒子设置发射速率效果每帧,ADG|Particle|Set|Emission|Rate|Effect|Tick,
ADGParticleSetMaterialParamEffectTick,ADG粒子设置材质参数效果每帧,ADG|Particle|Set|Material|Param|Effect|Tick,
ADGParticleSetSizeEffectTick,ADG粒子设置尺寸效果每帧,ADG|Particle|Set|Size|Effect|Tick,
ADGPassiveSkillCDEffectTick,ADG被动技能冷却效果每帧,ADG|Passive|Skill|CD|Effect|Tick,
ADGPassiveSkillParamEffectTick,ADG被动技能参数效果每帧,ADG|Passive|Skill|Param|Effect|Tick,
ADGRefParamGrowthTick,ADG引用参数成长每帧,ADG|Ref|Param|Growth|Tick,
ADGScaleEffectTick,ADG缩放效果每帧,ADG|Scale|Effect|Tick,
ADGScaleParticleEffectDuration,ADG缩放粒子效果持续时间,ADG|Scale|Particle|Effect|Duration,
ADGScaleParticleEffectTick,ADG缩放粒子效果每帧,ADG|Scale|Particle|Effect|Tick,
ADGSkillAgeExtentEffectTick,ADG技能推进范围效果每帧,ADG|Skill|Age|Extent|Effect|Tick,
ADGSkillAgeSpeedEffectTick,ADG技能推进速度效果每帧,ADG|Skill|Age|Speed|Effect|Tick,
ADGSkillAtkRangeEffectTick,ADG技能攻击范围效果每帧,ADG|Skill|Atk|Range|Effect|Tick,
ADGSkillBeanEffectTick,ADG技能豆效果每帧,ADG|Skill|Bean|Effect|Tick,
ADGSkillCDEffectTick,ADG技能冷却效果每帧,ADG|Skill|CD|Effect|Tick,
ADGSkillChangeFilterTick,ADG技能变更过滤每帧,ADG|Skill|Change|Filter|Tick,
ADGSkillHemophagiaRateEffectTick,ADG技能吸血速率效果每帧,ADG|Skill|Hemophagia|Rate|Effect|Tick,
ADGSkillIndicatorSizeTick,ADG技能指示器尺寸每帧,ADG|Skill|Indicator|Size|Tick,
ADGSkillParamEffectTick,ADG技能参数效果每帧,ADG|Skill|Param|Effect|Tick,
ADGUpdateActionRefParamDuration,ADG更新动作引用参数持续时间,ADG|Update|Action|Ref|Param|Duration,
AGESendTLogEvent,AGE发送日志事件,AGE|Send|TLog|Event,
AGESetActorDataTick,AGE设置角色数据每帧,AGE|Set|Actor|Data|Tick,
AbortSkillTick,中止技能每帧,Abort|Skill|Tick,
ActorActionDuration,角色动作持续时间,Actor|Action|Duration,
ActorAddEquipTick,角色添加装备每帧,Actor|Add|Equip|Tick,
ActorBuffTick,角色增益每帧,Actor|Buff|Tick,
ActorCopyProperty,角色复制属性,Actor|Copy|Property,
ActorHighCheckDuration,角色高检查持续时间,Actor|High|Check|Duration,
ActorIntermittentSprintDuration,角色间歇疾跑持续时间,Actor|Intermittent|Sprint|Duration,
ActorMoveBackDuration,角色移动返回持续时间,Actor|Move|Back|Duration,
ActorMoveBackSave,角色移动返回保存,Actor|Move|Back|Save,
ActorPositionChangeEventListenerDuration,角色位置变更事件监听器持续时间,Actor|Position|Change|Event|Listener|Duration,
ActorReplaceMovingDuration,角色替换移动中持续时间,Actor|Replace|Moving|Duration,
ActorSnapshotDuration,角色快照持续时间,Actor|Snapshot|Duration,
ActorSprintDuration,角色疾跑持续时间,Actor|Sprint|Duration,
ActorTeleportToBackPos,角色传送到返回位置,Actor|Teleport|To|Back|Pos,
ActorUndergroundDuration,角色地下持续时间,Actor|Underground|Duration,
AddADGParamDuration,添加ADG参数持续时间,Add|ADG|Param|Duration,
AddADGParamTick,添加ADG参数每帧,Add|ADG|Param|Tick,
AddActorMaterialDuration,添加角色材质持续时间,Add|Actor|Material|Duration,
AddAtkRangeForTarget,添加攻击范围用于目标,Add|Atk|Range|For|Target,
AddBuffStaticFlagTick,添加增益静态标记每帧,Add|Buff|Static|Flag|Tick,
AddGoldInBattle,添加金币内战斗,Add|Gold|In|Battle,
AddGrassPosDuration,添加草丛位置持续时间,Add|Grass|Pos|Duration,
AddHeroIncomeByCacheTick,添加英雄收益由缓存每帧,Add|Hero|Income|By|Cache|Tick,
AddHeroMinimapIconExtraScaleDuration,添加英雄小地图图标额外缩放持续时间,Add|Hero|Minimap|Icon|Extra|Scale|Duration,
AddItemMakingCoin,添加道具制作金币,Add|Item|Making|Coin,
AddMutiADGParamDuration,添加多重ADG参数持续时间,Add|Muti|ADG|Param|Duration,
AddMutiADGParamTick,添加多重ADG参数每帧,Add|Muti|ADG|Param|Tick,
AddObjMaterialDuration,添加对象材质持续时间,Add|Obj|Material|Duration,
AddRVOAgentDuration,添加RVO代理持续时间,Add|RVO|Agent|Duration,
AddShipDriftModeForceTick,添加船漂移模式力每帧,Add|Ship|Drift|Mode|Force|Tick,
AddSkillBeanTick,添加技能豆每帧,Add|Skill|Bean|Tick,
AddStateTagTickClient,添加状态标签每帧客户端,Add|State|Tag|Tick|Client,
AddToCharacterCollisionDuration,添加到角色碰撞持续时间,Add|To|Character|Collision|Duration,
AddUIDisableFlagDuration,添加UI禁用标记持续时间,Add|UI|Disable|Flag|Duration,
AdjustLoopBulletAngularSpeedDuration,调整循环子弹角速度持续时间,Adjust|Loop|Bullet|Angular|Speed|Duration,
AdjustLoopBulletDuration,调整循环子弹持续时间,Adjust|Loop|Bullet|Duration,
AdjustLoopBulletHeightDuration,调整循环子弹高度持续时间,Adjust|Loop|Bullet|Height|Duration,
AdjustLoopBulletRadiusDuration,调整循环子弹半径持续时间,Adjust|Loop|Bullet|Radius|Duration,
AdjustParticlePlaySpeedTick,调整粒子播放速度每帧,Adjust|Particle|Play|Speed|Tick,
AdjustParticleTransformTick,调整粒子变换每帧,Adjust|Particle|Transform|Tick,
AnchorRoomSuperWaveStartTick,锚点房间超级波次开始每帧,Anchor|Room|Super|Wave|Start|Tick,
AnimationIKDuration,动画IK持续时间,Animation|IK|Duration,
ApplyGravityTick,施加重力每帧,Apply|Gravity|Tick,
AreaTriggerDuration,区域触发持续时间,Area|Trigger|Duration,
AttackModeSwitchDuration,攻击模式切换持续时间,Attack|Mode|Switch|Duration,
AutoAdjustHeightDuration,自动调整高度持续时间,Auto|Adjust|Height|Duration,
AutoSetActionRefParamDuration,自动设置动作引用参数持续时间,Auto|Set|Action|Ref|Param|Duration,
BallControlDuration,球控制持续时间,Ball|Control|Duration,
BattleActionDuration,战斗动作持续时间,Battle|Action|Duration,
BattleUIAnimationDuration,战斗UI动画持续时间,Battle|UI|Animation|Duration,
BattleUIAnimationTick,战斗UI动画每帧,Battle|UI|Animation|Tick,
BattleUiSwitcherTick,战斗UI切换器每帧,Battle|Ui|Switcher|Tick,
BattleUiWidgetSwtichTick,战斗UI控件切换每帧,Battle|Ui|Widget|Swtich|Tick,
BeamAddWaypointActorDuration,光束添加航点角色持续时间,Beam|Add|Waypoint|Actor|Duration,
BeatBackDuration,节拍返回持续时间,Beat|Back|Duration,
BezierBulletDuration,贝塞尔子弹持续时间,Bezier|Bullet|Duration,
BindActorBluePrintInstTick,绑定角色蓝打印实例每帧,Bind|Actor|Blue|Print|Inst|Tick,
BindActorSlotDuration,绑定角色槽位持续时间,Bind|Actor|Slot|Duration,
BlockDirDamageDuration,阻挡方向伤害持续时间,Block|Dir|Damage|Duration,
BlueprintCheckConditionDuration,蓝图检查条件持续时间,Blueprint|Check|Condition|Duration,
BlueprintCheckConditionTick,蓝图检查条件每帧,Blueprint|Check|Condition|Tick,
BlueprintEventListener,蓝图事件监听器,Blueprint|Event|Listener,
BoardcastSimpleTick,广播简单每帧,Boardcast|Simple|Tick,
BounceBulletDuration,弹跳子弹持续时间,Bounce|Bullet|Duration,
BounceBulletMoveRotateDurationClient,弹跳子弹移动旋转持续时间客户端,Bounce|Bullet|Move|Rotate|Duration|Client,
BreakPoint,打断点,Break|Point,
BubbleTextDuration,气泡文本持续时间,Bubble|Text|Duration,
BulletManagementTick,子弹管理每帧,Bullet|Management|Tick,
BulletTriggerDuration,子弹触发持续时间,Bullet|Trigger|Duration,
CacheActorInfoDuration,缓存角色信息持续时间,Cache|Actor|Info|Duration,
CacheKilledIncomeTick,缓存被击杀收益每帧,Cache|Killed|Income|Tick,
CacheTherapicDuration,缓存治疗持续时间,Cache|Therapic|Duration,
CacheTherapicTick,缓存治疗每帧,Cache|Therapic|Tick,
CalConfusionTick,计算混乱每帧,Cal|Confusion|Tick,
CalDirectionTick,计算方向每帧,Cal|Direction|Tick,
CalcToTargetOffsetPos,计算到目标偏移位置,Calc|To|Target|Offset|Pos,
CalculateMoveDestDuration,计算移动目标持续时间,Calculate|Move|Dest|Duration,
CalculateRebounceDataTick,计算反弹数据每帧,Calculate|Rebounce|Data|Tick,
CallActorTick,调用角色每帧,Call|Actor|Tick,
CallMonsterTick,调用野怪每帧,Call|Monster|Tick,
CameraDecayShakeDuration,相机衰减抖动持续时间,Camera|Decay|Shake|Duration,
CameraFilterDuration,相机过滤持续时间,Camera|Filter|Duration,
CameraLookAt,相机朝向在,Camera|Look|At,
CameraShakeDuration,相机抖动持续时间,Camera|Shake|Duration,
CaptainSwitchTick,队长切换每帧,Captain|Switch|Tick,
CatchAroundEffectDuration,捕获环绕效果持续时间,Catch|Around|Effect|Duration,
ChangeActorAnimControllerTick,变更角色动画控制器每帧,Change|Actor|Anim|Controller|Tick,
ChangeActorHudDuration,变更角色HUD持续时间,Change|Actor|Hud|Duration,
ChangeActorHudTick,变更角色HUD每帧,Change|Actor|Hud|Tick,
ChangeActorMaterialDuration,变更角色材质持续时间,Change|Actor|Material|Duration,
ChangeActorMeshDuration,变更角色网格持续时间,Change|Actor|Mesh|Duration,
ChangeActorMeshPositionDuration,变更角色网格位置持续时间,Change|Actor|Mesh|Position|Duration,
ChangeActorMeshPositionTick,变更角色网格位置每帧,Change|Actor|Mesh|Position|Tick,
ChangeActorMeshTick,变更角色网格每帧,Change|Actor|Mesh|Tick,
ChangeActorMiniMapIconTick,变更角色迷你地图图标每帧,Change|Actor|Mini|Map|Icon|Tick,
ChangeActorRenderRotateSpeed,变更角色渲染旋转速度,Change|Actor|Render|Rotate|Speed,
ChangeActorRotationDuration,变更角色旋转持续时间,Change|Actor|Rotation|Duration,
ChangeActorShadowDuration,变更角色阴影持续时间,Change|Actor|Shadow|Duration,
ChangeActorSlotOffSetDuration,变更角色槽位关设置持续时间,Change|Actor|Slot|Off|Set|Duration,
ChangeAnimDuration,变更动画持续时间,Change|Anim|Duration,
ChangeAnimTick,变更动画每帧,Change|Anim|Tick,
ChangeBloodHudColorDuration,变更血量HUD颜色持续时间,Change|Blood|Hud|Color|Duration,
ChangeChibiShipModeParamTick,变更赤壁船模式参数每帧,Change|Chibi|Ship|Mode|Param|Tick,
ChangeChibiShipTiltDuration,变更赤壁船倾斜持续时间,Change|Chibi|Ship|Tilt|Duration,
ChangeChildMoveOnSlotLimitSizeDuration,变更子级移动开槽位限制尺寸持续时间,Change|Child|Move|On|Slot|Limit|Size|Duration,
ChangeHeroCampDuration,变更英雄阵营持续时间,Change|Hero|Camp|Duration,
ChangeHomeGuardEffect,变更基地守卫效果,Change|Home|Guard|Effect,
ChangeHudEnergyEffectDuration,变更HUD能量效果持续时间,Change|Hud|Energy|Effect|Duration,
ChangeLoopBulletState,变更循环子弹状态,Change|Loop|Bullet|State,
ChangeMiniMapIconTick,变更迷你地图图标每帧,Change|Mini|Map|Icon|Tick,
ChangeMinimapIconScaleDuration,变更小地图图标缩放持续时间,Change|Minimap|Icon|Scale|Duration,
ChangeMountStateTick,变更坐骑状态每帧,Change|Mount|State|Tick,
ChangeObjMaterialDuration,变更对象材质持续时间,Change|Obj|Material|Duration,
ChangePunishSkillBtnShowHurtRatio,变更惩罚技能按钮显示伤害比例,Change|Punish|Skill|Btn|Show|Hurt|Ratio,
ChangeRenderOffsetDuration,变更渲染偏移持续时间,Change|Render|Offset|Duration,
ChangeRotateSpeedDuration,变更旋转速度持续时间,Change|Rotate|Speed|Duration,
ChangeShipDriftModeParamDuration,变更船漂移模式参数持续时间,Change|Ship|Drift|Mode|Param|Duration,
ChangeShipDriftModeSpeedMarkShowTypeTick,变更船漂移模式速度标记显示类型每帧,Change|Ship|Drift|Mode|Speed|Mark|Show|Type|Tick,
ChangeShipModeParamDuration,变更船模式参数持续时间,Change|Ship|Mode|Param|Duration,
ChangeShipModeParamTick,变更船模式参数每帧,Change|Ship|Mode|Param|Tick,
ChangeSkillBtnDisplay,变更技能按钮显示,Change|Skill|Btn|Display,
ChangeSkillButtonIconDuration,变更技能按钮图标持续时间,Change|Skill|Button|Icon|Duration,
ChangeSkillExtAttackRange,变更技能扩展攻击范围,Change|Skill|Ext|Attack|Range,
ChangeSkillIndicatorPositionTick,变更技能指示器位置每帧,Change|Skill|Indicator|Position|Tick,
ChangeSkillSlotLayoutTypeDuration,变更技能槽位布局类型持续时间,Change|Skill|Slot|Layout|Type|Duration,
ChangeSkillTimerProgressTick,变更技能计时器进度每帧,Change|Skill|Timer|Progress|Tick,
ChangeSkillTriggerTick,变更技能触发每帧,Change|Skill|Trigger|Tick,
ChangeSoundEventDuration,变更音效事件持续时间,Change|Sound|Event|Duration,
ChangeTriggerParticlePathDuration,变更触发粒子路径持续时间,Change|Trigger|Particle|Path|Duration,
ChangeTwinModeParamTick,变更双模式参数每帧,Change|Twin|Mode|Param|Tick,
ChargeActorDuration,蓄力角色持续时间,Charge|Actor|Duration,
CheckActorAroundDuration,检查角色环绕持续时间,Check|Actor|Around|Duration,
CheckActorEquipStolenDuration,检查角色装备被窃取持续时间,Check|Actor|Equip|Stolen|Duration,
CheckActorIsSameTick,检查角色是否相同每帧,Check|Actor|Is|Same|Tick,
CheckActorPositionDuration,检查角色位置持续时间,Check|Actor|Position|Duration,
CheckActorSurvivalTick,检查角色生存每帧,Check|Actor|Survival|Tick,
CheckActorUseJoyStickDuration,检查角色使用摇杆持续时间,Check|Actor|Use|JoyStick|Duration,
CheckActorUsingJoyStickTick,检查角色使用摇杆每帧,Check|Actor|Using|JoyStick|Tick,
CheckAidEquipWithLowestEconomyTick,检查援助装备与最低经济每帧,Check|Aid|Equip|With|Lowest|Economy|Tick,
CheckAndSetPreCrikRate,检查和设置预暴击速率,Check|And|Set|Pre|Crik|Rate,
CheckBlockTick,检查阻挡每帧,Check|Block|Tick,
CheckBoolParamConditionTick,检查布尔参数条件每帧,Check|Bool|Param|Condition|Tick,
CheckBuffCountTick,检查增益计数每帧,Check|Buff|Count|Tick,
CheckBuffMarkCountTick,检查增益标记计数每帧,Check|Buff|Mark|Count|Tick,
CheckBulletHitWallDuration,检查子弹命中墙持续时间,Check|Bullet|Hit|Wall|Duration,
CheckBulletLifeTime,检查子弹生命时间,Check|Bullet|Life|Time,
CheckCallMonsterCountTick,检查调用野怪计数每帧,Check|Call|Monster|Count|Tick,
CheckCanWalkWallTick,检查可行走墙每帧,Check|Can|Walk|Wall|Tick,
CheckCollideWithSpecialBullet,检查碰撞与特殊子弹,Check|Collide|With|Special|Bullet,
CheckCollideWithTarget,检查碰撞与目标,Check|Collide|With|Target,
CheckCollideWithWallDuration,检查碰撞与墙持续时间,Check|Collide|With|Wall|Duration,
CheckConditionDuration,检查条件持续时间,Check|Condition|Duration,
CheckConditionTick,检查条件每帧,Check|Condition|Tick,
CheckDimensionTick,检查维度每帧,Check|Dimension|Tick,
CheckDistanceConditionDuration,检查距离条件持续时间,Check|Distance|Condition|Duration,
CheckEnemyInAreaTick,检查敌方内区域每帧,Check|Enemy|In|Area|Tick,
CheckGamePlayMode,检查游戏播放模式,Check|Game|Play|Mode,
CheckGameTimeTick,检查游戏时间每帧,Check|Game|Time|Tick,
CheckHasAffixDuration,检查有词缀持续时间,Check|Has|Affix|Duration,
CheckHitEnhancedBlockDuration,检查命中增强阻挡持续时间,Check|Hit|Enhanced|Block|Duration,
CheckHitNumDuration,检查命中数量持续时间,Check|Hit|Num|Duration,
CheckInAtkDistanceTick,检查内攻击距离每帧,Check|In|Atk|Distance|Tick,
CheckInGrassDuration,检查内草丛持续时间,Check|In|Grass|Duration,
CheckInGrassTick,检查内草丛每帧,Check|In|Grass|Tick,
CheckInTowerAtkRangeDuration,检查内防御塔攻击范围持续时间,Check|In|Tower|Atk|Range|Duration,
CheckIndicatorParamValidTick,检查指示器参数有效每帧,Check|Indicator|Param|Valid|Tick,
CheckIsRealInCameraDuration,检查是否真实内相机持续时间,Check|Is|Real|In|Camera|Duration,
CheckIsTriggerSingleActorDurationMax,检查是否触发单个角色持续时间最大,Check|Is|Trigger|Single|Actor|Duration|Max,
CheckJoyStickAngleDuration,检查摇杆角度持续时间,Check|JoyStick|Angle|Duration,
CheckMapSubTypeTick,检查地图子类型每帧,Check|Map|Sub|Type|Tick,
CheckMultiActorAroundDuration,检查多重角色环绕持续时间,Check|Multi|Actor|Around|Duration,
CheckOrganProtectStateTick,检查器官保护状态每帧,Check|Organ|Protect|State|Tick,
CheckPauseHitTriggerDuration,检查暂停命中触发持续时间,Check|Pause|Hit|Trigger|Duration,
CheckPlayerAroundDuration,检查玩家环绕持续时间,Check|Player|Around|Duration,
CheckPosCondition,检查位置条件,Check|Pos|Condition,
CheckPositionLimitDuration,检查位置限制持续时间,Check|Position|Limit|Duration,
CheckPreCrik,检查预暴击,Check|Pre|Crik,
CheckShapeTriggerTick,检查形状触发每帧,Check|Shape|Trigger|Tick,
CheckShipModeConditionDuration,检查船模式条件持续时间,Check|Ship|Mode|Condition|Duration,
CheckShipRotateCondition,检查船旋转条件,Check|Ship|Rotate|Condition,
CheckSkillDragedConditionTick,检查技能被拖拽条件每帧,Check|Skill|Draged|Condition|Tick,
CheckSkillEffectImmunedDuration,检查技能效果免疫持续时间,Check|Skill|Effect|Immuned|Duration,
CheckSkillIDConditionTick,检查技能ID条件每帧,Check|Skill|ID|Condition|Tick,
CheckSkillLevelConditionTick,检查技能等级条件每帧,Check|Skill|Level|Condition|Tick,
CheckSkinBattleFeatureTick,检查皮肤战斗特性每帧,Check|Skin|Battle|Feature|Tick,
CheckSmartClickParam,检查智能点击参数,Check|Smart|Click|Param,
CheckSpecialBulletDestroyDuration,检查特殊子弹销毁持续时间,Check|Special|Bullet|Destroy|Duration,
CheckStateTagTickClient,检查状态标签每帧客户端,Check|State|Tag|Tick|Client,
CheckTargetDeadDuration,检查目标死亡持续时间,Check|Target|Dead|Duration,
CheckTargetInSelfDirAngleDuration,检查目标内自身方向角度持续时间,Check|Target|In|Self|Dir|Angle|Duration,
CheckTargetInSelfDirAngleTick,检查目标内自身方向角度每帧,Check|Target|In|Self|Dir|Angle|Tick,
CheckTargetIsNullDuration,检查目标是否空持续时间,Check|Target|Is|Null|Duration,
CheckTargetIsNullTick,检查目标是否空每帧,Check|Target|Is|Null|Tick,
CheckValidPosDuration,检查有效位置持续时间,Check|Valid|Pos|Duration,
CircleBulletDuration,圆形子弹持续时间,Circle|Bullet|Duration,
CircleRotateActorDuration,圆形旋转角色持续时间,Circle|Rotate|Actor|Duration,
CircleRotateAndMoveActorDuration,圆形旋转和移动角色持续时间,Circle|Rotate|And|Move|Actor|Duration,
ClearEquipActiveSkillCDTick,清除装备激活技能冷却每帧,Clear|Equip|Active|Skill|CD|Tick,
ClearExtraBuffTriggerInfoTick,清除额外增益触发信息每帧,Clear|Extra|Buff|Trigger|Info|Tick,
ClearIndicatorParamTick,清除指示器参数每帧,Clear|Indicator|Param|Tick,
CloseParticleObj,关闭粒子对象,Close|Particle|Obj,
CmdMoveDurationDemo,指令移动持续时间演示,Cmd|Move|Duration|Demo,
CollectDamageDuration,收集伤害持续时间,Collect|Damage|Duration,
ComboGuideCommond,连击引导通用,Combo|Guide|Commond,
CommonAttackLockTargetShareTick,通用攻击锁定目标共享每帧,Common|Attack|Lock|Target|Share|Tick,
CompareValueTick,比较值每帧,Compare|Value|Tick,
ComponentPropertyDuration,组件属性持续时间,Component|Property|Duration,
ConditionalAbortSkillDuration,带条件中止技能持续时间,Conditional|Abort|Skill|Duration,
ConfusionDuration,混乱持续时间,Confusion|Duration,
ContinuouslySetActorDirDuration,持续设置角色方向持续时间,Continuously|Set|Actor|Dir|Duration,
ControlActorBoneScaleDuration,控制角色骨骼缩放持续时间,Control|Actor|Bone|Scale|Duration,
ControlMoveDuration,控制移动持续时间,Control|Move|Duration,
ControledLineMove,受控线移动,Controled|Line|Move,
ConvertVectorSpaceTick,转换向量空间每帧,Convert|Vector|Space|Tick,
CopyActorHpRate,复制角色生命值速率,Copy|Actor|Hp|Rate,
CreateNavMeshDuration,创建导航网格持续时间,Create|Nav|Mesh|Duration,
CrossSpecialBlockDuration,交叉特殊阻挡持续时间,Cross|Special|Block|Duration,
DelayHurtHudRenderDuration,延迟伤害HUD渲染持续时间,Delay|Hurt|Hud|Render|Duration,
DestroyActorTick,销毁角色每帧,Destroy|Actor|Tick,
DestroyObject,销毁对象,Destroy|Object,
DialogProcessorTick,对话处理器每帧,Dialog|Processor|Tick,
DisableMoveProbeDuration,禁用移动探测持续时间,Disable|Move|Probe|Duration,
DisableSkillIndicatorCameraDuration,禁用技能指示器相机持续时间,Disable|Skill|Indicator|Camera|Duration,
DisableTriggerParticle,禁用触发粒子,Disable|Trigger|Particle,
DistanceBuffDuration,距离增益持续时间,Distance|Buff|Duration,
DoDragonEvolution,执行龙进化,Do|Dragon|Evolution,
DoTempSkillInvadeCellCoordDuration,执行临时技能入侵格子坐标持续时间,Do|Temp|Skill|Invade|Cell|Coord|Duration,
DontBreakJoystickEventTick,不打断摇杆事件每帧,Dont|Break|Joystick|Event|Tick,
DoubleHitDuration,双倍命中持续时间,Double|Hit|Duration,
DownToGroundOrWallDuration,下到地面或墙持续时间,Down|To|Ground|Or|Wall|Duration,
DurationalControlResistDuration,持续控制抗性持续时间,Durational|Control|Resist|Duration,
DynamicBuffParam,动态增益参数,Dynamic|Buff|Param,
DynamicBulletDuration,动态子弹持续时间,Dynamic|Bullet|Duration,
DynamicCurveParticleDuration,动态曲线粒子持续时间,Dynamic|Curve|Particle|Duration,
DynamicModifyCollisionSize,动态修改碰撞尺寸,Dynamic|Modify|Collision|Size,
DynamicModifyParticleScaleDuration,动态修改粒子缩放持续时间,Dynamic|Modify|Particle|Scale|Duration,
DynamicSearchValidTargetDuration,动态搜索有效目标持续时间,Dynamic|Search|Valid|Target|Duration,
EanbleActorOutlineColor,启用角色描边颜色,Eanble|Actor|Outline|Color,
EnableCommonAttackIndicatorTick,启用通用攻击指示器每帧,Enable|Common|Attack|Indicator|Tick,
EnableDynamicBoneDuration,启用动态骨骼持续时间,Enable|Dynamic|Bone|Duration,
EnableLevelUpEffect,启用等级上效果,Enable|Level|Up|Effect,
EnableSoldierLineTick,启用小兵线每帧,Enable|Soldier|Line|Tick,
EnergyConditionDuration,能量条件持续时间,Energy|Condition|Duration,
EpicycleMoveDuration,本轮移动持续时间,Epicycle|Move|Duration,
ExcludeActorToValidPosDuration,排除角色到有效位置持续时间,Exclude|Actor|To|Valid|Pos|Duration,
ExpandObjectCollisionSize,扩展对象碰撞尺寸,Expand|Object|Collision|Size,
ExtendBuffDuration,延长增益持续时间,Extend|Buff|Duration,
ExtendBulletDuration,延长子弹持续时间,Extend|Bullet|Duration,
ExtraBuffTriggerInfoGroupDuration,额外增益触发信息分组持续时间,Extra|Buff|Trigger|Info|Group|Duration,
FilterBuffMeleeRemoteTypeTick,过滤增益近战远程类型每帧,Filter|Buff|Melee|Remote|Type|Tick,
FilterChibiTargetStateDuration,过滤赤壁目标状态持续时间,Filter|Chibi|Target|State|Duration,
FilterChibiTargetType,过滤赤壁目标类型,Filter|Chibi|Target|Type,
FilterCurrentSlotTick,过滤当前槽位每帧,Filter|Current|Slot|Tick,
FilterHeroAtkDistDuration,过滤英雄攻击距离持续时间,Filter|Hero|Atk|Dist|Duration,
FilterHeroAtkDistTick,过滤英雄攻击距离每帧,Filter|Hero|Atk|Dist|Tick,
FilterHeroDoubleHitTick,过滤英雄双倍命中每帧,Filter|Hero|Double|Hit|Tick,
FilterIntVariableTick,过滤整数变量每帧,Filter|Int|Variable|Tick,
FilterPerformanceClient,过滤性能客户端,Filter|Performance|Client,
FilterProcessClient,过滤处理客户端,Filter|Process|Client,
FilterPropertyValueDuration,过滤属性值持续时间,Filter|Property|Value|Duration,
FilterSrcSkillTick,过滤来源技能每帧,Filter|Src|Skill|Tick,
FilterTargetAwakenBadgeConditionType,过滤目标觉醒徽章条件类型,Filter|Target|Awaken|Badge|Condition|Type,
FilterTargetCacheMoveDirectionTick,过滤目标缓存移动方向每帧,Filter|Target|Cache|Move|Direction|Tick,
FilterTargetDistance,过滤目标距离,Filter|Target|Distance,
FilterTargetDistanceClient,过滤目标距离客户端,Filter|Target|Distance|Client,
FilterTargetDuration,过滤目标持续时间,Filter|Target|Duration,
FilterTargetHitNum,过滤目标命中数量,Filter|Target|Hit|Num,
FilterTargetSkillState,过滤目标技能状态,Filter|Target|Skill|State,
FilterTargetState,过滤目标状态,Filter|Target|State,
FilterTargetStateDuration,过滤目标状态持续时间,Filter|Target|State|Duration,
FilterTargetType,过滤目标类型,Filter|Target|Type,
FilterTargetTypeClient,过滤目标类型客户端,Filter|Target|Type|Client,
FindBulletDuration,查找子弹持续时间,Find|Bullet|Duration,
FindBulletTick,查找子弹每帧,Find|Bullet|Tick,
FindGameObjectDuration,查找游戏对象持续时间,Find|Game|Object|Duration,
FixedStyleFloatDigitDuration,固定风格浮点数字持续时间,Fixed|Style|Float|Digit|Duration,
FocusCameraDuration,焦点相机持续时间,Focus|Camera|Duration,
ForbidAbilityDuration,禁止能力持续时间,Forbid|Ability|Duration,
ForbidAbilityTick,禁止能力每帧,Forbid|Ability|Tick,
ForbidAnimDuration,禁止动画持续时间,Forbid|Anim|Duration,
ForbidGrassSelectDuration,禁止草丛选择持续时间,Forbid|Grass|Select|Duration,
ForbidInputTick,禁止输入每帧,Forbid|Input|Tick,
ForbidMoveDirectionCmdDuration,禁止移动方向指令持续时间,Forbid|Move|Direction|Cmd|Duration,
ForbidSetShipModeParam,禁止设置船模式参数,Forbid|Set|Ship|Mode|Param,
ForbidSkillSlotPassive,禁止技能槽位被动,Forbid|Skill|Slot|Passive,
ForbidUniqueJointSkillDuration,禁止唯一关节技能持续时间,Forbid|Unique|Joint|Skill|Duration,
ForceAbilityDuration,力能力持续时间,Force|Ability|Duration,
ForceButtonUpTick,力按钮上每帧,Force|Button|Up|Tick,
ForceSetPositionTick,力设置位置每帧,Force|Set|Position|Tick,
ForceSetShipModeState,力设置船模式状态,Force|Set|Ship|Mode|State,
ForceSetShowTargetInfo,力设置显示目标信息,Force|Set|Show|Target|Info,
ForceSetTargetDuration,力设置目标持续时间,Force|Set|Target|Duration,
ForceSkillCDNotCheckable,力技能冷却非可检查,Force|Skill|CD|Not|Checkable,
FreezeActorDuration,冰冻角色持续时间,Freeze|Actor|Duration,
GameEventTriggerDuration,游戏事件触发持续时间,Game|Event|Trigger|Duration,
GetActionLengthTick,获取动作长度每帧,Get|Action|Length|Tick,
GetActorBulletHeightTick,获取角色子弹高度每帧,Get|Actor|Bullet|Height|Tick,
GetActorRevivePos,获取角色复活位置,Get|Actor|Revive|Pos,
GetActorsDistanceTick,获取角色距离每帧,Get|Actors|Distance|Tick,
GetBuffLayerTick,获取增益层每帧,Get|Buff|Layer|Tick,
GetBuffMarkCount,获取增益标记计数,Get|Buff|Mark|Count,
GetBuffProtectValueTick,获取增益保护值每帧,Get|Buff|Protect|Value|Tick,
GetChargingParam,获取蓄力中参数,Get|Charging|Param,
GetCommonAtkObj,获取通用攻击对象,Get|Common|Atk|Obj,
GetDataFromActorRootList,获取数据从角色根列表,Get|Data|From|Actor|Root|List,
GetDirSkillDegree,获取方向技能程度,Get|Dir|Skill|Degree,
GetGrassSightDuration,获取草丛视野持续时间,Get|Grass|Sight|Duration,
GetHeroCpByTargetTick,获取英雄战力由目标每帧,Get|Hero|Cp|By|Target|Tick,
GetHostActorTick,获取宿主角色每帧,Get|Host|Actor|Tick,
GetLastAliveKillTargetHero,获取最后存活击杀目标英雄,Get|Last|Alive|Kill|Target|Hero,
GetLinkedActorConditionTick,获取已链接角色条件每帧,Get|Linked|Actor|Condition|Tick,
GetLinkedActorTick,获取已链接角色每帧,Get|Linked|Actor|Tick,
GetMonsterSpawnPointKilledCount,获取野怪生成点被击杀计数,Get|Monster|Spawn|Point|Killed|Count,
GetMyTargetTick,获取我的目标每帧,Get|My|Target|Tick,
GetObjectDirectionTick,获取对象方向每帧,Get|Object|Direction|Tick,
GetPassiveSkillUseTriggerSlot,获取被动技能使用触发槽位,Get|Passive|Skill|Use|Trigger|Slot,
GetPlayerCaptainTick,获取玩家队长每帧,Get|Player|Captain|Tick,
GetShipDriftModeParamTick,获取船漂移模式参数每帧,Get|Ship|Drift|Mode|Param|Tick,
GetSkillBeanTick,获取技能豆每帧,Get|Skill|Bean|Tick,
GetSkillCDTick,获取技能冷却每帧,Get|Skill|CD|Tick,
GetSkillContextContent,获取技能上下文内容,Get|Skill|Context|Content,
GetSubObjectDuration,获取子对象持续时间,Get|Sub|Object|Duration,
GetSubObjectTick,获取子对象每帧,Get|Sub|Object|Tick,
GetTimeLapsePosDuration,获取时间流逝位置持续时间,Get|Time|Lapse|Pos|Duration,
GravityVibrationDuration,重力震动持续时间,Gravity|Vibration|Duration,
GuidePathIndicatorTick,引导路径指示器每帧,Guide|Path|Indicator|Tick,
GuideStatisticTick,引导统计每帧,Guide|Statistic|Tick,
GuideToggleHeroShowTick,引导切换英雄显示每帧,Guide|Toggle|Hero|Show|Tick,
GuishiAbortSkillChangeTick,Guishi中止技能变更每帧,Guishi|Abort|Skill|Change|Tick,
GuishiCheckLinePathValidDuration,Guishi检查线路径有效持续时间,Guishi|Check|Line|Path|Valid|Duration,
GuishiDitherDuration,Guishi抖动持续时间,Guishi|Dither|Duration,
GuishiGetSlotSkillIdTick,Guishi获取槽位技能ID每帧,Guishi|Get|Slot|Skill|Id|Tick,
GuishiInteractiveCutsceneDuration,Guishi交互过场动画持续时间,Guishi|Interactive|Cutscene|Duration,
GuishiMoveActorCheckHitColliderAngleDuration,Guishi移动角色检查命中碰撞体角度持续时间,Guishi|Move|Actor|Check|Hit|Collider|Angle|Duration,
GuishiPlayMontageDuration,Guishi播放蒙太奇持续时间,Guishi|Play|Montage|Duration,
GuishiPopupTipsTick,Guishi弹窗提示每帧,Guishi|Popup|Tips|Tick,
GuishiSwitchCameraDuration,Guishi切换相机持续时间,Guishi|Switch|Camera|Duration,
HeightOffsetDuration,高度偏移持续时间,Height|Offset|Duration,
HeroDetectTick,英雄检测每帧,Hero|Detect|Tick,
HideActorInMinimapDuration,隐藏角色内小地图持续时间,Hide|Actor|In|Minimap|Duration,
HideActorMeshObjectByTagDuration,隐藏角色网格对象由标签持续时间,Hide|Actor|Mesh|Object|By|Tag|Duration,
HideActorParticleDuration,隐藏角色粒子持续时间,Hide|Actor|Particle|Duration,
HideSceneObjByType,隐藏场景对象由类型,Hide|Scene|Obj|By|Type,
HideSkillIndicatorTick,隐藏技能指示器每帧,Hide|Skill|Indicator|Tick,
HighLightSkillButton,高光技能按钮,High|Light|Skill|Button,
HighLightWall,高光墙,High|Light|Wall,
HitBeHurtObjectDuration,命中为伤害对象持续时间,Hit|Be|Hurt|Object|Duration,
HitTriggerDuration,命中触发持续时间,Hit|Trigger|Duration,
HitTriggerTick,命中触发每帧,Hit|Trigger|Tick,
HitTriggerUtilityCollision,命中触发工具碰撞,Hit|Trigger|Utility|Collision,
HudRecoverHelpEffectTick,HUD恢复帮助效果每帧,Hud|Recover|Help|Effect|Tick,
HurtTriggerDuration,伤害触发持续时间,Hurt|Trigger|Duration,
ImmobilizeDuration,定身持续时间,Immobilize|Duration,
ImmuneControlDuration,免疫控制持续时间,Immune|Control|Duration,
ImposterMeshTick,伪装者网格每帧,Imposter|Mesh|Tick,
InitSquadUnitTick,初始化小队单位每帧,Init|Squad|Unit|Tick,
InscribeActionButtonDuration,铭文动作按钮持续时间,Inscribe|Action|Button|Duration,
InventoryIemConsumeTriggerTick,背包道具消耗触发每帧,Inventory|Iem|Consume|Trigger|Tick,
IsActorNeedPlayEvoBornAge,是否角色需要播放进化出生推进,Is|Actor|Need|Play|Evo|Born|Age,
JoyStickCtrlTick,摇杆控制每帧,JoyStick|Ctrl|Tick,
JustMoveDuration,仅移动持续时间,Just|Move|Duration,
LeaveCollisionShapeDuration,离开碰撞形状持续时间,Leave|Collision|Shape|Duration,
LeaveTriggerDuration,离开触发持续时间,Leave|Trigger|Duration,
LerpToSpecialNavMeshDuration,插值到特殊导航网格持续时间,Lerp|To|Special|Nav|Mesh|Duration,
LevelNumShowSpecialNum,等级数量显示特殊数量,Level|Num|Show|Special|Num,
LimitMoveAreaPairDuration,限制移动区域对持续时间,Limit|Move|Area|Pair|Duration,
LimitMovementAreaDuration,限制移动区域持续时间,Limit|Movement|Area|Duration,
LinkHurtPartGODuration,链接伤害部件对象持续时间,Link|Hurt|Part|GO|Duration,
LockCameraDuration,锁定相机持续时间,Lock|Camera|Duration,
LockPropertyDuration,锁定属性持续时间,Lock|Property|Duration,
LookAtTargetDuration,朝向在目标持续时间,Look|At|Target|Duration,
LoopBulletDuration,循环子弹持续时间,Loop|Bullet|Duration,
LoopBulletManagerTick,循环子弹管理器每帧,Loop|Bullet|Manager|Tick,
MainActorMoveTo,主角色移动到,Main|Actor|Move|To,
MainCameraLookAt,主相机朝向在,Main|Camera|Look|At,
MaterialFadeDuration,材质淡入淡出持续时间,Material|Fade|Duration,
MidTipsDuration,中间提示持续时间,Mid|Tips|Duration,
MiniMapMoveCityDuration,迷你地图移动城市持续时间,Mini|Map|Move|City|Duration,
MiniMapTrackDuration,迷你地图追踪持续时间,Mini|Map|Track|Duration,
MinimapActorResLoadDuration,小地图角色资源加载持续时间,Minimap|Actor|Res|Load|Duration,
MinimapEffect,小地图效果,Minimap|Effect,
MinimapEffectChangeScale,小地图效果变更缩放,Minimap|Effect|Change|Scale,
MinimapLinkingEffectDuration,小地图链接中效果持续时间,Minimap|Linking|Effect|Duration,
MirrorActorDuration,镜像角色持续时间,Mirror|Actor|Duration,
ModifyActionPlaySpeedDuration,修改动作播放速度持续时间,Modify|Action|Play|Speed|Duration,
ModifyAnimationIntParamsDuration,修改动画整数参数持续时间,Modify|Animation|Int|Params|Duration,
ModifyAreaEventTrigger,修改区域事件触发,Modify|Area|Event|Trigger,
ModifyBulletTagTick,修改子弹标签每帧,Modify|Bullet|Tag|Tick,
ModifyChargeStartTimeDuration,修改蓄力开始时间持续时间,Modify|Charge|Start|Time|Duration,
ModifyMinimapRectParticleTick,修改小地图矩形粒子每帧,Modify|Minimap|Rect|Particle|Tick,
ModifyObjectTransformDuration,修改对象变换持续时间,Modify|Object|Transform|Duration,
ModifyParticleDuration,修改粒子持续时间,Modify|Particle|Duration,
ModifyPositionTick,修改位置每帧,Modify|Position|Tick,
ModifySecondEnergyTick,修改秒能量每帧,Modify|Second|Energy|Tick,
ModifyTransform,修改变换,Modify|Transform,
ModifyUnityObjectTransform,修改Unity对象变换,Modify|Unity|Object|Transform,
ModifyUnityObjectTransformDuration,修改Unity对象变换持续时间,Modify|Unity|Object|Transform|Duration,
ModifyUnityObjectTransformDurationClient,修改Unity对象变换持续时间客户端,Modify|Unity|Object|Transform|Duration|Client,
MoveActorDuration,移动角色持续时间,Move|Actor|Duration,
MoveAlongCBezierSetsDuration,移动沿C贝塞尔集合持续时间,Move|Along|C|Bezier|Sets|Duration,
MoveAreaActorsTick,移动区域角色每帧,Move|Area|Actors|Tick,
MoveBallDuration,移动球持续时间,Move|Ball|Duration,
MoveBeamDuration,移动光束持续时间,Move|Beam|Duration,
MoveBulletDuration,移动子弹持续时间,Move|Bullet|Duration,
MoveByPathDuration,移动由路径持续时间,Move|By|Path|Duration,
MoveCityDuration,移动城市持续时间,Move|City|Duration,
MoveCityProcessBarDuration,移动城市处理条持续时间,Move|City|Process|Bar|Duration,
MoveDirectionalLeapDuration,移动定向跳跃持续时间,Move|Directional|Leap|Duration,
MoveTeleportListenerDuration,移动传送监听器持续时间,Move|Teleport|Listener|Duration,
MoveToActorNearby,移动到角色附近,Move|To|Actor|Nearby,
MoveToPositionDuration,移动到位置持续时间,Move|To|Position|Duration,
MultiBloodBarTick,多重血量条每帧,Multi|Blood|Bar|Tick,
MultiStageMoveDuration,多重阶段移动持续时间,Multi|Stage|Move|Duration,
MultiTargetSplineBulletDuration,多重目标样条曲线子弹持续时间,Multi|Target|Spline|Bullet|Duration,
NewActorRootList,新角色根列表,New|Actor|Root|List,
NewActorRootListAdd,新角色根列表添加,New|Actor|Root|List|Add,
NewActorRootListAddTick,新角色根列表添加每帧,New|Actor|Root|List|Add|Tick,
NewActorRootListCount,新角色根列表计数,New|Actor|Root|List|Count,
NewActorRootListRmv,新角色根列表移除,New|Actor|Root|List|Rmv,
NewActorStateFilterDuration,新角色状态过滤持续时间,New|Actor|State|Filter|Duration,
NewActorTypeFilterDuration,新角色类型过滤持续时间,New|Actor|Type|Filter|Duration,
NewBindActorSlotDuration,新绑定角色槽位持续时间,New|Bind|Actor|Slot|Duration,
NewBounceBuffDuration,新弹跳增益持续时间,New|Bounce|Buff|Duration,
NewCampFilterDuration,新阵营过滤持续时间,New|Camp|Filter|Duration,
NewCheckNumberDuration,新检查数字持续时间,New|Check|Number|Duration,
NewCheckNumberTick,新检查数字每帧,New|Check|Number|Tick,
NewCollisionCheckDuration,新碰撞检查持续时间,New|Collision|Check|Duration,
NewDeletVariableTick,新删除变量每帧,New|Delet|Variable|Tick,
NewGenerateRandomTick,新生成随机每帧,New|Generate|Random|Tick,
NewGetActorPropertyTick,新获取角色属性每帧,New|Get|Actor|Property|Tick,
NewGetActorRootDuration,新获取角色根持续时间,New|Get|Actor|Root|Duration,
NewGetActorRootTick,新获取角色根每帧,New|Get|Actor|Root|Tick,
NewGetBoolTick,新获取布尔每帧,New|Get|Bool|Tick,
NewGetHeroLevelTick,新获取英雄等级每帧,New|Get|Hero|Level|Tick,
NewGetIntVariableTick,新获取整数变量每帧,New|Get|Int|Variable|Tick,
NewGetMonsterSpawnPointPos,新获取野怪生成点位置,New|Get|Monster|Spawn|Point|Pos,
NewGetSlotLevelTick,新获取槽位等级每帧,New|Get|Slot|Level|Tick,
NewGetSpecialVariableTick,新获取特殊变量每帧,New|Get|Special|Variable|Tick,
NewGetUnityObj,新获取Unity对象,New|Get|Unity|Obj,
NewGetUnityObjTick,新获取Unity对象每帧,New|Get|Unity|Obj|Tick,
NewGetVIntVarTick,新获取V整数变量每帧,New|Get|V|Int|Var|Tick,
NewGetVector3VarTick,新获取向量3变量每帧,New|Get|Vector|3|Var|Tick,
NewHighlightSkillButton,新高亮技能按钮,New|Highlight|Skill|Button,
NewRmvActorRootTick,新移除角色根每帧,New|Rmv|Actor|Root|Tick,
NewSaveActorRootTick,新保存角色根每帧,New|Save|Actor|Root|Tick,
NewSaveIntVarDuration,新保存整数变量持续时间,New|Save|Int|Var|Duration,
NewSaveIntVarTick,新保存整数变量每帧,New|Save|Int|Var|Tick,
NewSaveVIntVarTick,新保存V整数变量每帧,New|Save|V|Int|Var|Tick,
NewSaveVariableTick,新保存变量每帧,New|Save|Variable|Tick,
NewSaveVector3VarTick,新保存向量3变量每帧,New|Save|Vector|3|Var|Tick,
NewSetCameraHeightDuration,新设置相机高度持续时间,New|Set|Camera|Height|Duration,
NewSpawnBuffDuration,新生成增益持续时间,New|Spawn|Buff|Duration,
NewSpawnBuffTick,新生成增益每帧,New|Spawn|Buff|Tick,
NewSpawnBulletSetLifeTick,新生成子弹设置生命每帧,New|Spawn|Bullet|Set|Life|Tick,
NewSpawnBulletSetLimitTick,新生成子弹设置限制每帧,New|Spawn|Bullet|Set|Limit|Tick,
NewSpawnBulletTick,新生成子弹每帧,New|Spawn|Bullet|Tick,
NewSpawnObjBlockDuration,新生成对象阻挡持续时间,New|Spawn|Obj|Block|Duration,
NewSpawnObjBulletDuration,新生成对象子弹持续时间,New|Spawn|Obj|Bullet|Duration,
NewUnityObjAddOrSet,新Unity对象添加或设置,New|Unity|Obj|Add|Or|Set,
NewVariableArrayOp,新变量数组操作,New|Variable|Array|Op,
NewVariableIntCalTick,新变量整数计算每帧,New|Variable|Int|Cal|Tick,
NewVariableIntCompareTick,新变量整数比较每帧,New|Variable|Int|Compare|Tick,
NewVariableVInt3CalTick,新变量整型向量3计算每帧,New|Variable|VInt3|Cal|Tick,
NewbieTlogTick,新手日志每帧,Newbie|Tlog|Tick,
NewbiekillActor,新手击杀角色,Newbiekill|Actor,
NtfTrainingPuppetStateTick,通知训练傀儡状态每帧,Ntf|Training|Puppet|State|Tick,
OMGModeSwitchWeaponDuration,OMG模式切换武器持续时间,OMG|Mode|Switch|Weapon|Duration,
OMGModeSwitchWeaponTick,OMG模式切换武器每帧,OMG|Mode|Switch|Weapon|Tick,
ObjectFollowObjectDuration,对象跟随对象持续时间,Object|Follow|Object|Duration,
ObjectLookAt,对象朝向在,Object|Look|At,
OnTrigger,开触发,On|Trigger,
OpenFormTick,打开形态每帧,Open|Form|Tick,
OpenHeroUIFeature,打开英雄UI特性,Open|Hero|UI|Feature,
OpenParticleObj,打开粒子对象,Open|Particle|Obj,
OperationTutorialTick,操作教程每帧,Operation|Tutorial|Tick,
OtherActorToCheckAtkBtnDist,其他角色到检查攻击按钮距离,Other|Actor|To|Check|Atk|Btn|Dist,
OutOfControlActorDuration,外的控制角色持续时间,Out|Of|Control|Actor|Duration,
PVEAlertEffectDuration,PVE警戒效果持续时间,PVE|Alert|Effect|Duration,
PackDyingHeroDuration,打包濒死英雄持续时间,Pack|Dying|Hero|Duration,
PackDyingHeroTick,打包濒死英雄每帧,Pack|Dying|Hero|Tick,
PathLineIndicatorDuration,路径线指示器持续时间,Path|Line|Indicator|Duration,
PauseHitTriggerDuration,暂停命中触发持续时间,Pause|Hit|Trigger|Duration,
PauseSkillCountDownDuration,暂停技能计数下持续时间,Pause|Skill|Count|Down|Duration,
PercisionAtkReviseTargetDuration,精度攻击修订目标持续时间,Percision|Atk|Revise|Target|Duration,
PerfectAttackCacheDuration,完美攻击缓存持续时间,Perfect|Attack|Cache|Duration,
PeriodicSpawnBuffDuration,周期生成增益持续时间,Periodic|Spawn|Buff|Duration,
PickFlyDuration,拾取飞行持续时间,Pick|Fly|Duration,
PlayAnimDuration,播放动画持续时间,Play|Anim|Duration,
PlayAnimationTick,播放动画每帧,Play|Animation|Tick,
PlayCDDoneEffectTick,播放冷却完成效果每帧,Play|CD|Done|Effect|Tick,
PlayDeadEffectSoundTick,播放死亡效果音效每帧,Play|Dead|Effect|Sound|Tick,
PlayHeroSoundTick,播放英雄音效每帧,Play|Hero|Sound|Tick,
PlayInBattleCommercialActionTick,播放内战斗商业动作每帧,Play|In|Battle|Commercial|Action|Tick,
PlayLogicSoundTick,播放逻辑音效每帧,Play|Logic|Sound|Tick,
PlayMaterialEffectAnimationDuration,播放材质效果动画持续时间,Play|Material|Effect|Animation|Duration,
PlayMaterialEffectDuration,播放材质效果持续时间,Play|Material|Effect|Duration,
PlayPortalSoundTick,播放传送门音效每帧,Play|Portal|Sound|Tick,
PlaySoundTick,播放音效每帧,Play|Sound|Tick,
PlaySoundWhenVisibleDuration,播放音效当可见持续时间,Play|Sound|When|Visible|Duration,
PlaySubAction,播放子动作,Play|Sub|Action,
PlayVibration,播放震动,Play|Vibration,
PlayVibrationDuration,播放震动持续时间,Play|Vibration|Duration,
PreChangeSkillTriggerTick,预变更技能触发每帧,Pre|Change|Skill|Trigger|Tick,
PreLoadTick,预加载每帧,Pre|Load|Tick,
PredictLandingPointDuration,预测落地点持续时间,Predict|Landing|Point|Duration,
PredictMoveDestDuration,预测移动目标持续时间,Predict|Move|Dest|Duration,
PrintTick,打印每帧,Print|Tick,
Project8AddRelativeDuration,项目8添加相对持续时间,Project|8|Add|Relative|Duration,
Project8AroundSpawnBulletTick,项目8环绕生成子弹每帧,Project|8|Around|Spawn|Bullet|Tick,
Project8AverageHurtDuration,项目8平均伤害持续时间,Project|8|Average|Hurt|Duration,
Project8BianShenFetterCheckDuration,项目8变身羁绊检查持续时间,Project|8|BianShen|Fetter|Check|Duration,
Project8ChangeAbilityDuration,项目8变更能力持续时间,Project|8|Change|Ability|Duration,
Project8CheckBianShenConditionTick,项目8检查变身条件每帧,Project|8|Check|BianShen|Condition|Tick,
Project8CheckCPConditionDuration,项目8检查战力条件持续时间,Project|8|Check|CP|Condition|Duration,
Project8CheckConditionTick,项目8检查条件每帧,Project|8|Check|Condition|Tick,
Project8ComboMoveConditionTick,项目8连击移动条件每帧,Project|8|Combo|Move|Condition|Tick,
Project8ConcentrateTargetDuration,项目8集中目标持续时间,Project|8|Concentrate|Target|Duration,
Project8CoordHitTriggerTick,项目8坐标命中触发每帧,Project|8|Coord|Hit|Trigger|Tick,
Project8CopyActorTick,项目8复制角色每帧,Project|8|Copy|Actor|Tick,
Project8CreateVirtualModelDuration,项目8创建虚拟模型持续时间,Project|8|Create|Virtual|Model|Duration,
Project8CustomSplitConditionTick,项目8自定义分裂条件每帧,Project|8|Custom|Split|Condition|Tick,
Project8FilterAbilityTick,项目8过滤能力每帧,Project|8|Filter|Ability|Tick,
Project8FilterCameraDirTickClient,项目8过滤相机方向每帧客户端,Project|8|Filter|Camera|Dir|Tick|Client,
Project8FilterHeroTick,项目8过滤英雄每帧,Project|8|Filter|Hero|Tick,
Project8FilterIsStrengthUtlSkillTick,项目8过滤是否强度工具技能每帧,Project|8|Filter|Is|Strength|Utl|Skill|Tick,
Project8FilterTargetTypeTickClient,项目8过滤目标类型每帧客户端,Project|8|Filter|Target|Type|Tick|Client,
Project8HitChessDuration,项目8命中棋盘持续时间,Project|8|Hit|Chess|Duration,
Project8HitChessTick,项目8命中棋盘每帧,Project|8|Hit|Chess|Tick,
Project8InvadeCellTick,项目8入侵格子每帧,Project|8|Invade|Cell|Tick,
Project8LayerBuffTick,项目8层增益每帧,Project|8|Layer|Buff|Tick,
Project8ModifyAttackDirTick,项目8修改攻击方向每帧,Project|8|Modify|Attack|Dir|Tick,
Project8PetEffectModifyTick,项目8宠物效果修改每帧,Project|8|Pet|Effect|Modify|Tick,
Project8RecycleActorTick,项目8回收角色每帧,Project|8|Recycle|Actor|Tick,
Project8ResearchTargetTick,项目8研究目标每帧,Project|8|Research|Target|Tick,
Project8SetActorVisibleDuration,项目8设置角色可见持续时间,Project|8|Set|Actor|Visible|Duration,
Project8SetBattleFieldCenterTick,项目8设置战斗字段中心每帧,Project|8|Set|Battle|Field|Center|Tick,
Project8SetComboPosTick,项目8设置连击位置每帧,Project|8|Set|Combo|Pos|Tick,
Project8SetCrossEnemyComboPosTick,项目8设置交叉敌方连击位置每帧,Project|8|Set|Cross|Enemy|Combo|Pos|Tick,
Project8ShowEequipmentIconTick,项目8显示装备图标每帧,Project|8|Show|Eequipment|Icon|Tick,
Project8TalentCPTick,项目8天赋战力每帧,Project|8|Talent|CP|Tick,
Project8TalentCheckDuration,项目8天赋检查持续时间,Project|8|Talent|Check|Duration,
Project8TalentPositionTick,项目8天赋位置每帧,Project|8|Talent|Position|Tick,
PropertyChangeAtkRangeDuration,属性变更攻击范围持续时间,Property|Change|Atk|Range|Duration,
PropertyConditionDuration,属性条件持续时间,Property|Condition|Duration,
ProtectMoveDuration,保护移动持续时间,Protect|Move|Duration,
ProtectThresholdBuffDuration,保护阈值增益持续时间,Protect|Threshold|Buff|Duration,
RadialBlurDuration,径向模糊持续时间,Radial|Blur|Duration,
RandomAnimDuration,随机动画持续时间,Random|Anim|Duration,
RandomPropertyTick,随机属性每帧,Random|Property|Tick,
RealTimeForbidDuration,真实时间禁止持续时间,Real|Time|Forbid|Duration,
RebounceActorDuration,反弹角色持续时间,Rebounce|Actor|Duration,
RecordActorPositionTick,记录角色位置每帧,Record|Actor|Position|Tick,
RecordSpecialMonsterDuration,记录特殊野怪持续时间,Record|Special|Monster|Duration,
RecordTrackTimeDuration,记录追踪时间持续时间,Record|Track|Time|Duration,
RecoverHpDuration,恢复生命值持续时间,Recover|Hp|Duration,
RecoverSkillBeanTick,恢复技能豆每帧,Recover|Skill|Bean|Tick,
RefreshActorGroundYTick,刷新角色地面Y每帧,Refresh|Actor|Ground|Y|Tick,
RefreshAwakenBadgeConditionMarkTick,刷新觉醒徽章条件标记每帧,Refresh|Awaken|Badge|Condition|Mark|Tick,
RefreshBloodHudTick,刷新血量HUD每帧,Refresh|Blood|Hud|Tick,
RelativeMoveDuration,相对移动持续时间,Relative|Move|Duration,
ReleaseTamedMonster,释放已驯服野怪,Release|Tamed|Monster,
RemoveBuffTick,移除增益每帧,Remove|Buff|Tick,
RemoveBulletTick,移除子弹每帧,Remove|Bullet|Tick,
RemoveSkillFuncBuffTick,移除技能函数增益每帧,Remove|Skill|Func|Buff|Tick,
RemoveSkillMarkTick,移除技能标记每帧,Remove|Skill|Mark|Tick,
RemoveSpecificBulletTick,移除指定子弹每帧,Remove|Specific|Bullet|Tick,
RemoveStateTagTickClient,移除状态标签每帧客户端,Remove|State|Tag|Tick|Client,
ReplaceActorEquipDuration,替换角色装备持续时间,Replace|Actor|Equip|Duration,
ReplaceActorHud,替换角色HUD,Replace|Actor|Hud,
ReplaceActorHudDuration,替换角色HUD持续时间,Replace|Actor|Hud|Duration,
ReplaceSkillDuration,替换技能持续时间,Replace|Skill|Duration,
RepressedEventListenerDuration,压制事件监听器持续时间,Repressed|Event|Listener|Duration,
ResetParticleWhenRebounce,重置粒子当反弹,Reset|Particle|When|Rebounce,
ResetRtpcValueTick,重置RTPC值每帧,Reset|Rtpc|Value|Tick,
ResizeActorBoundingBoxDuration,调整尺寸角色包围盒盒持续时间,Resize|Actor|Bounding|Box|Duration,
RetrieveStolenEquipTick,取回被窃取装备每帧,Retrieve|Stolen|Equip|Tick,
RevertPreCrikRate,还原预暴击速率,Revert|Pre|Crik|Rate,
ReviveDyingHeroDuration,复活濒死英雄持续时间,Revive|Dying|Hero|Duration,
ReviveDyingHeroTick,复活濒死英雄每帧,Revive|Dying|Hero|Tick,
ReviveTimerTick,复活计时器每帧,Revive|Timer|Tick,
RotateActorDuration,旋转角色持续时间,Rotate|Actor|Duration,
RotateActorSpaceAngleDuration,旋转角色空间角度持续时间,Rotate|Actor|Space|Angle|Duration,
RotateAssignedDirDuration,旋转已分配方向持续时间,Rotate|Assigned|Dir|Duration,
RotateUnityObjectByActorRotation,旋转Unity对象由角色旋转,Rotate|Unity|Object|By|Actor|Rotation,
SameSlotTapCacheDuration,相同槽位点击缓存持续时间,Same|Slot|Tap|Cache|Duration,
SaveActionIDTick,保存动作ID每帧,Save|Action|ID|Tick,
SaveBulletSkillUniqueID,保存子弹技能唯一ID,Save|Bullet|Skill|Unique|ID,
SaveEventSeq,保存事件序列,Save|Event|Seq,
SaveSkillIndicatorDirTick,保存技能指示器方向每帧,Save|Skill|Indicator|Dir|Tick,
ScaleMeshDuration,缩放网格持续时间,Scale|Mesh|Duration,
SceneInterpolationTick,场景插值每帧,Scene|Interpolation|Tick,
ScriptPlaySkillEvent,脚本播放技能事件,Script|Play|Skill|Event,
SearchConditionedActorTick,搜索有条件角色每帧,Search|Conditioned|Actor|Tick,
SearchConditionedOrganTick,搜索有条件器官每帧,Search|Conditioned|Organ|Tick,
SearchSkillTargetTick,搜索技能目标每帧,Search|Skill|Target|Tick,
SendBluePrintCommonEventDuration,发送蓝打印通用事件持续时间,Send|Blue|Print|Common|Event|Duration,
SendBluePrintCommonEventTick,发送蓝打印通用事件每帧,Send|Blue|Print|Common|Event|Tick,
SendBluePrintCommonEventTickClient,发送蓝打印通用事件每帧客户端,Send|Blue|Print|Common|Event|Tick|Client,
SendGameEventTick,发送游戏事件每帧,Send|Game|Event|Tick,
SendInBattleCommunicationMsgDuration,发送内战斗通信消息持续时间,Send|In|Battle|Communication|Msg|Duration,
SendInBattleMessage,发送内战斗消息,Send|In|Battle|Message,
SendLevelGameEventTick,发送等级游戏事件每帧,Send|Level|Game|Event|Tick,
SendProject8EventTick,发送项目8事件每帧,Send|Project|8|Event|Tick,
SeriesSkinBroadcastTick,系列皮肤广播每帧,Series|Skin|Broadcast|Tick,
SetActionBulletInfoTick,设置动作子弹信息每帧,Set|Action|Bullet|Info|Tick,
SetActionRefActorParamTick,设置动作引用角色参数每帧,Set|Action|Ref|Actor|Param|Tick,
SetActionRefParamByStrategyTick,设置动作引用参数由策略每帧,Set|Action|Ref|Param|By|Strategy|Tick,
SetActionRefParamTick,设置动作引用参数每帧,Set|Action|Ref|Param|Tick,
SetActionRefSkillContextParamTick,设置动作引用技能上下文参数每帧,Set|Action|Ref|Skill|Context|Param|Tick,
SetActorHPAccordingToTargetTick,设置角色生命值依据到目标每帧,Set|Actor|HP|According|To|Target|Tick,
SetActorLifeTimeTick,设置角色生命时间每帧,Set|Actor|Life|Time|Tick,
SetActorMeshTagDuration,设置角色网格标签持续时间,Set|Actor|Mesh|Tag|Duration,
SetActorSightRangeDuration,设置角色视野范围持续时间,Set|Actor|Sight|Range|Duration,
SetActorVisibilityDuration,设置角色可见性持续时间,Set|Actor|Visibility|Duration,
SetActorVisibilityTick,设置角色可见性每帧,Set|Actor|Visibility|Tick,
SetAlternativeSkillEffectSkinTick,设置备选技能效果皮肤每帧,Set|Alternative|Skill|Effect|Skin|Tick,
SetAnimationAlwaysAnimate,设置动画总是动画,Set|Animation|Always|Animate,
SetAnimationParamSimpleTick,设置动画参数简单每帧,Set|Animation|Param|Simple|Tick,
SetAnimationParamsDuration,设置动画参数持续时间,Set|Animation|Params|Duration,
SetAnimationParamsTick,设置动画参数每帧,Set|Animation|Params|Tick,
SetAnimationPlayingTime,设置动画播放中时间,Set|Animation|Playing|Time,
SetAnimationVectorParamTick,设置动画向量参数每帧,Set|Animation|Vector|Param|Tick,
SetAttackDirDuration,设置攻击方向持续时间,Set|Attack|Dir|Duration,
SetBackForwardTick,设置返回前向每帧,Set|Back|Forward|Tick,
SetBahaviourTreeTick,设置行为树每帧,Set|Bahaviour|Tree|Tick,
SetBehaviourModeTick,设置行为模式每帧,Set|Behaviour|Mode|Tick,
SetBloodHudVisibleTick,设置血量HUD可见每帧,Set|Blood|Hud|Visible|Tick,
SetBulletAbilityTick,设置子弹能力每帧,Set|Bullet|Ability|Tick,
SetCameraBetweenActorsDuration,设置相机之间角色持续时间,Set|Camera|Between|Actors|Duration,
SetCameraHeightDuration,设置相机高度持续时间,Set|Camera|Height|Duration,
SetCameraLerpParamDuration,设置相机插值参数持续时间,Set|Camera|Lerp|Param|Duration,
SetCollisionAgeParamModifyDuration,设置碰撞推进参数修改持续时间,Set|Collision|Age|Param|Modify|Duration,
SetCollisionTick,设置碰撞每帧,Set|Collision|Tick,
SetCommonAtkObj,设置通用攻击对象,Set|Common|Atk|Obj,
SetCommonAttackStateTick,设置通用攻击状态每帧,Set|Common|Attack|State|Tick,
SetDeadExtraAgeTick,设置死亡额外推进每帧,Set|Dead|Extra|Age|Tick,
SetDirNotFollowedByParentDuration,设置方向非被跟随由父级持续时间,Set|Dir|Not|Followed|By|Parent|Duration,
SetDynamicParamDuration,设置动态参数持续时间,Set|Dynamic|Param|Duration,
SetEntityAbilityState,设置实体能力状态,Set|Entity|Ability|State,
SetGameSettingTick,设置游戏设置每帧,Set|Game|Setting|Tick,
SetHeroAtkDistTick,设置英雄攻击距离每帧,Set|Hero|Atk|Dist|Tick,
SetHeroPropertyTick,设置英雄属性每帧,Set|Hero|Property|Tick,
SetIKTargetTick,设置IK目标每帧,Set|IK|Target|Tick,
SetIgnoreDynamicScaleDuration,设置忽略动态缩放持续时间,Set|Ignore|Dynamic|Scale|Duration,
SetImmediateAttackDuration,设置立即攻击持续时间,Set|Immediate|Attack|Duration,
SetInvincibilityTick,设置无敌每帧,Set|Invincibility|Tick,
SetLoopBullet3DAxisTick,设置循环子弹3D轴每帧,Set|Loop|Bullet|3|D|Axis|Tick,
SetMaterialParamsDuration,设置材质参数持续时间,Set|Material|Params|Duration,
SetMaterialParamsTick,设置材质参数每帧,Set|Material|Params|Tick,
SetMaterialVector4Duration,设置材质向量4持续时间,Set|Material|Vector|4|Duration,
SetMaterialVector4Tick,设置材质向量4每帧,Set|Material|Vector|4|Tick,
SetMiniCameraDuration,设置迷你相机持续时间,Set|Mini|Camera|Duration,
SetMiniMapTransformSyncActorDuration,设置迷你地图变换同步角色持续时间,Set|Mini|Map|Transform|Sync|Actor|Duration,
SetNavRegionFlagTick,设置导航区域标记每帧,Set|Nav|Region|Flag|Tick,
SetNextSkillTargetDuration,设置下一个技能目标持续时间,Set|Next|Skill|Target|Duration,
SetNextSkillTargetTick,设置下一个技能目标每帧,Set|Next|Skill|Target|Tick,
SetObjActiveTick,设置对象激活每帧,Set|Obj|Active|Tick,
SetObjBehaviourModeTick,设置对象行为模式每帧,Set|Obj|Behaviour|Mode|Tick,
SetObjectDirectionTick,设置对象方向每帧,Set|Object|Direction|Tick,
SetObjectPositionTick,设置对象位置每帧,Set|Object|Position|Tick,
SetParticleAutoSynchroActorAnimatorParams,设置粒子自动同步角色动画器参数,Set|Particle|Auto|Synchro|Actor|Animator|Params,
SetParticleEmissionRateDuration,设置粒子发射速率持续时间,Set|Particle|Emission|Rate|Duration,
SetParticleExtraScaleTick,设置粒子额外缩放每帧,Set|Particle|Extra|Scale|Tick,
SetParticleOffsetTick,设置粒子偏移每帧,Set|Particle|Offset|Tick,
SetParticleSpriteTick,设置粒子精灵每帧,Set|Particle|Sprite|Tick,
SetPassiveSkillCD,设置被动技能冷却,Set|Passive|Skill|CD,
SetPathVisibility,设置路径可见性,Set|Path|Visibility,
SetPlayerEffectPathToRefParamsTick,设置玩家效果路径到引用参数每帧,Set|Player|Effect|Path|To|Ref|Params|Tick,
SetPlaymakerParam,设置Playmaker参数,Set|Playmaker|Param,
SetRVORadiusTick,设置RVO半径每帧,Set|RVO|Radius|Tick,
SetRenderFowRegionDuration,设置渲染前向区域持续时间,Set|Render|Fow|Region|Duration,
SetRtpcValueTick,设置RTPC值每帧,Set|Rtpc|Value|Tick,
SetSceneTintColorDuration,设置场景染色颜色持续时间,Set|Scene|Tint|Color|Duration,
SetSetMecanimDefaultCullModeTick,设置设置Mecanim默认剔除模式每帧,Set|Set|Mecanim|Default|Cull|Mode|Tick,
SetShapeTriggerParamDuration,设置形状触发参数持续时间,Set|Shape|Trigger|Param|Duration,
SetShipDriftModeVelTick,设置船漂移模式速度每帧,Set|Ship|Drift|Mode|Vel|Tick,
SetSkillLearnLinkEffectTick,设置技能学习链接效果每帧,Set|Skill|Learn|Link|Effect|Tick,
SetSkillLevelTick,设置技能等级每帧,Set|Skill|Level|Tick,
SetSkillOperateStateInCdWindowTick,设置技能操作状态内冷却窗口每帧,Set|Skill|Operate|State|In|Cd|Window|Tick,
SetSkillSelectTargetDuration,设置技能选择目标持续时间,Set|Skill|Select|Target|Duration,
SetSkillSlotCDTick,设置技能槽位冷却每帧,Set|Skill|Slot|CD|Tick,
SetSpecialHurtMaterialHostTick,设置特殊伤害材质宿主每帧,Set|Special|Hurt|Material|Host|Tick,
SetSpecialHurtTargetDuration,设置特殊伤害目标持续时间,Set|Special|Hurt|Target|Duration,
SetSquadUnitTick,设置小队单位每帧,Set|Squad|Unit|Tick,
SetTagLayer,设置标签层,Set|Tag|Layer,
SetTerminateEffectCountTick,设置终止效果计数每帧,Set|Terminate|Effect|Count|Tick,
SetTimeLapsePosDuration,设置时间流逝位置持续时间,Set|Time|Lapse|Pos|Duration,
SetUnityComponentTick,设置Unity组件每帧,Set|Unity|Component|Tick,
SetUnityObjectAnimatorParamTick,设置Unity对象动画器参数每帧,Set|Unity|Object|Animator|Param|Tick,
SetUpSecondEnergyTick,设置上秒能量每帧,Set|Up|Second|Energy|Tick,
SetVisibility,设置可见性,Set|Visibility,
SetWeatherDuration,设置天气持续时间,Set|Weather|Duration,
SetWeatherEffectTick,设置天气效果每帧,Set|Weather|Effect|Tick,
ShieldTransferHpTick,护盾转移生命值每帧,Shield|Transfer|Hp|Tick,
ShipDriftAutoMove,船漂移自动移动,Ship|Drift|Auto|Move,
ShipDriftMode,船漂移模式,Ship|Drift|Mode,
ShipMode,船模式,Ship|Mode,
ShowCommonGuideUIFormTick,显示通用引导UI形态每帧,Show|Common|Guide|UI|Form|Tick,
ShowDeathMatchImgDuration,显示死亡匹配图片持续时间,Show|Death|Match|Img|Duration,
ShowGuideIndicatorTick,显示引导指示器每帧,Show|Guide|Indicator|Tick,
ShowGuideTipsTick,显示引导提示每帧,Show|Guide|Tips|Tick,
ShowGuideUIFormTick,显示引导UI形态每帧,Show|Guide|UI|Form|Tick,
ShowHeroIconImageDuration,显示英雄图标图片持续时间,Show|Hero|Icon|Image|Duration,
ShowHonorRoadUITick,显示荣誉道路UI每帧,Show|Honor|Road|UI|Tick,
ShowHudActorHeadIconDuration,显示HUD角色头部图标持续时间,Show|Hud|Actor|Head|Icon|Duration,
ShowImageDuration,显示图片持续时间,Show|Image|Duration,
ShowMaxSkillCDOnHUD,显示最大技能冷却开HUD,Show|Max|Skill|CD|On|HUD,
ShowMiniMapHeroDynamicAttachDuration,显示迷你地图英雄动态附加持续时间,Show|Mini|Map|Hero|Dynamic|Attach|Duration,
ShowMonsterFightAreaTick,显示野怪战斗区域每帧,Show|Monster|Fight|Area|Tick,
ShowPointerUIFormTick,显示指针UI形态每帧,Show|Pointer|UI|Form|Tick,
ShowSkillTargetImgDuration,显示技能目标图片持续时间,Show|Skill|Target|Img|Duration,
ShowTargetBloodDuration,显示目标血量持续时间,Show|Target|Blood|Duration,
ShowUnactiveBuffDuration,显示未激活增益持续时间,Show|Unactive|Buff|Duration,
SimpleGameEventTriggerDurationClient,简单游戏事件触发持续时间客户端,Simple|Game|Event|Trigger|Duration|Client,
SimpleMoveDuration,简单移动持续时间,Simple|Move|Duration,
SimpleScaleActorMeshDuration,简单缩放角色网格持续时间,Simple|Scale|Actor|Mesh|Duration,
SimpleSpawnBuffDuration,简单生成增益持续时间,Simple|Spawn|Buff|Duration,
SimpleSpawnBuffTick,简单生成增益每帧,Simple|Spawn|Buff|Tick,
SimpleSpawnObjectDuration,简单生成对象持续时间,Simple|Spawn|Object|Duration,
SimpleSpawnPassiveDuration,简单生成被动持续时间,Simple|Spawn|Passive|Duration,
SkillButtonUISwitchTick,技能按钮UI切换每帧,Skill|Button|UI|Switch|Tick,
SkillCDSpeedUpDuration,技能冷却速度上持续时间,Skill|CD|Speed|Up|Duration,
SkillCDTriggerDuration,技能冷却触发持续时间,Skill|CD|Trigger|Duration,
SkillCDTriggerTick,技能冷却触发每帧,Skill|CD|Trigger|Tick,
SkillCacheMoveDuration,技能缓存移动持续时间,Skill|Cache|Move|Duration,
SkillCastableTriggerDuration,技能可释放触发持续时间,Skill|Castable|Trigger|Duration,
SkillContextConfigTick,技能上下文配置每帧,Skill|Context|Config|Tick,
SkillEffectDuration,技能效果持续时间,Skill|Effect|Duration,
SkillEnergyCostDuration,技能能量消耗持续时间,Skill|Energy|Cost|Duration,
SkillEnergyCostTriggerTick,技能能量消耗触发每帧,Skill|Energy|Cost|Trigger|Tick,
SkillForbidAverageTick,技能禁止平均每帧,Skill|Forbid|Average|Tick,
SkillFuncDuration,技能函数持续时间,Skill|Func|Duration,
SkillFuncInstant,技能函数立即,Skill|Func|Instant,
SkillFuncPerioidc,技能函数周期,Skill|Func|Perioidc,
SkillGatherDuration,技能聚集持续时间,Skill|Gather|Duration,
SkillHidingDuration,技能隐藏中持续时间,Skill|Hiding|Duration,
SkillHitCountDuration,技能命中计数持续时间,Skill|Hit|Count|Duration,
SkillHitNumDuration,技能命中数量持续时间,Skill|Hit|Num|Duration,
SkillHudCtrlTick,技能HUD控制每帧,Skill|Hud|Ctrl|Tick,
SkillHudCtrlTickNew,技能HUD控制每帧新,Skill|Hud|Ctrl|Tick|New,
SkillIndicatorCameraAgeEventTick,技能指示器相机推进事件每帧,Skill|Indicator|Camera|Age|Event|Tick,
SkillIndicatorFollowDuration,技能指示器跟随持续时间,Skill|Indicator|Follow|Duration,
SkillIndicatorForceGroundTick,技能指示器力地面每帧,Skill|Indicator|Force|Ground|Tick,
SkillInputCacheDuration,技能输入缓存持续时间,Skill|Input|Cache|Duration,
SkillMarkUsingDuration,技能标记使用持续时间,Skill|Mark|Using|Duration,
SkillNoCostDuration,技能无消耗持续时间,Skill|No|Cost|Duration,
SkillStateTick,技能状态每帧,Skill|State|Tick,
SkillTimerProcessBarDuration,技能计时器处理条持续时间,Skill|Timer|Process|Bar|Duration,
SkillTimerProcessBarDurationEx,技能计时器处理条持续时间扩展,Skill|Timer|Process|Bar|Duration|Ex,
SkillUIEffect,技能UI效果,Skill|UI|Effect,
SkillUseCacheTick,技能使用缓存每帧,Skill|Use|Cache|Tick,
SkillUseExposingTick,技能使用暴露每帧,Skill|Use|Exposing|Tick,
SkinBattleFeatureDuration,皮肤战斗特性持续时间,Skin|Battle|Feature|Duration,
SmoothSteerMoveDuration,平滑转向移动持续时间,Smooth|Steer|Move|Duration,
SneerActorDuration,嘲讽角色持续时间,Sneer|Actor|Duration,
SpawnBuffByLeftDir,生成增益由左方向,Spawn|Buff|By|Left|Dir,
SpawnBuffWhenActorDamaged,生成增益当角色受击,Spawn|Buff|When|Actor|Damaged,
SpawnBulletByPositionDuration,生成子弹由位置持续时间,Spawn|Bullet|By|Position|Duration,
SpawnBulletDuration,生成子弹持续时间,Spawn|Bullet|Duration,
SpawnBulletTick,生成子弹每帧,Spawn|Bullet|Tick,
SpawnGroupIntervalInstant,生成分组间隔立即,Spawn|Group|Interval|Instant,
SpawnMonsterTick,生成野怪每帧,Spawn|Monster|Tick,
SpawnObjectDuration,生成对象持续时间,Spawn|Object|Duration,
SpawnPetDuration,生成宠物持续时间,Spawn|Pet|Duration,
SpawnShenFuTick,生成神符每帧,Spawn|ShenFu|Tick,
SpawnShenFuTickAdv,生成神符每帧高级,Spawn|ShenFu|Tick|Adv,
SpecialBulletDuration,特殊子弹持续时间,Special|Bullet|Duration,
SpecialGetNearPositionTick,特殊获取附近位置每帧,Special|Get|Near|Position|Tick,
SplineBulletDuration,样条曲线子弹持续时间,Spline|Bullet|Duration,
SplitBulletDuration,分裂子弹持续时间,Split|Bullet|Duration,
SplitMultiBulletDuration,分裂多重子弹持续时间,Split|Multi|Bullet|Duration,
SpringNodeDuration,弹簧节点持续时间,Spring|Node|Duration,
StopAge,停止推进,Stop|Age,
StopChargingTick,停止蓄力中每帧,Stop|Charging|Tick,
StopCurrentActionSkillDuration,停止当前动作技能持续时间,Stop|Current|Action|Skill|Duration,
StopFollowParent,停止跟随父级,Stop|Follow|Parent,
StopTrack,停止追踪,Stop|Track,
StopTracks,停止轨道,Stop|Tracks,
SuperArmorDuration,超级护甲持续时间,Super|Armor|Duration,
SwitchCameraDuration,切换相机持续时间,Switch|Camera|Duration,
SwitchIndicatorControlDuration,切换指示器控制持续时间,Switch|Indicator|Control|Duration,
SyncActorRotationDuration,同步角色旋转持续时间,Sync|Actor|Rotation|Duration,
SyncAnimParamsTick,同步动画参数每帧,Sync|Anim|Params|Tick,
SyncHeroTransToBoatNode,同步英雄变换到船节点,Sync|Hero|Trans|To|Boat|Node,
SyncMoveSpeedDuration,同步移动速度持续时间,Sync|Move|Speed|Duration,
SyncShipVelDirToModelDir,同步船速度方向到模型方向,Sync|Ship|Vel|Dir|To|Model|Dir,
SyncSkillSlotStateDuration,同步技能槽位状态持续时间,Sync|Skill|Slot|State|Duration,
SynchLocationToPlayerCaptain,同步位置到玩家队长,Synch|Location|To|Player|Captain,
TameJungleMonster,驯服野区野怪,Tame|Jungle|Monster,
TeamMemberBuffTick,队伍成员增益每帧,Team|Member|Buff|Tick,
TeamMemberResetSkillCDTick,队伍成员重置技能冷却每帧,Team|Member|Reset|Skill|CD|Tick,
TeleportActorTick,传送角色每帧,Teleport|Actor|Tick,
TestFuncDuration,测试函数持续时间,Test|Func|Duration,
TestFuncTick,测试函数每帧,Test|Func|Tick,
TimeDebugCondition,时间调试条件,Time|Debug|Condition,
TimeLapseDuration,时间流逝持续时间,Time|Lapse|Duration,
TimeLapseTick,时间流逝每帧,Time|Lapse|Tick,
TimeScalerDuration,时间缩放器持续时间,Time|Scaler|Duration,
TipProcessorDura,提示处理器持续时间,Tip|Processor|Dura,
TipProcessorTick,提示处理器每帧,Tip|Processor|Tick,
ToggleHudComponentTick,切换HUD组件每帧,Toggle|Hud|Component|Tick,
ToggleTalentPanelTick,切换天赋面板每帧,Toggle|Talent|Panel|Tick,
TowerAttackCount,防御塔攻击计数,Tower|Attack|Count,
TrembleDuration,颤抖持续时间,Tremble|Duration,
TriggerAgeDuration,触发推进持续时间,Trigger|Age|Duration,
TriggerBluePrintInstDuration,触发蓝打印实例持续时间,Trigger|Blue|Print|Inst|Duration,
TriggerBluePrintInstTick,触发蓝打印实例每帧,Trigger|Blue|Print|Inst|Tick,
TriggerBuffIconGlowTick,触发增益图标发光每帧,Trigger|Buff|Icon|Glow|Tick,
TriggerBulletTick,触发子弹每帧,Trigger|Bullet|Tick,
TriggerCameraEffectDuration,触发相机效果持续时间,Trigger|Camera|Effect|Duration,
TriggerCampHeroEffectClient,触发阵营英雄效果客户端,Trigger|Camp|Hero|Effect|Client,
TriggerChangeHeroFeature,触发变更英雄特性,Trigger|Change|Hero|Feature,
TriggerChangeHeroFeatureRootBg,触发变更英雄特性根背景,Trigger|Change|Hero|Feature|Root|Bg,
TriggerChangeHudEnergy,触发变更HUD能量,Trigger|Change|Hud|Energy,
TriggerComboGuideTask,触发连击引导任务,Trigger|Combo|Guide|Task,
TriggerDeadExtraEffectTick,触发死亡额外效果每帧,Trigger|Dead|Extra|Effect|Tick,
TriggerDynamicHUDPart,触发动态HUD部件,Trigger|Dynamic|HUD|Part,
TriggerHeroHudParticle,触发英雄HUD粒子,Trigger|Hero|Hud|Particle,
TriggerHexagonMapActionDuration,触发六边形地图动作持续时间,Trigger|Hexagon|Map|Action|Duration,
TriggerHudBuffIcon,触发HUD增益图标,Trigger|Hud|Buff|Icon,
TriggerHudComponent3DDuration,触发HUD组件3D持续时间,Trigger|Hud|Component|3|D|Duration,
TriggerHudLockBlood,触发HUD锁定血量,Trigger|Hud|Lock|Blood,
TriggerHudShake,触发HUD抖动,Trigger|Hud|Shake,
TriggerIncomeMarkTick,触发收益标记每帧,Trigger|Income|Mark|Tick,
TriggerIndicatorDynamicConnectVecTick,触发指示器动态连接向量每帧,Trigger|Indicator|Dynamic|Connect|Vec|Tick,
TriggerKilledIncomeTick,触发被击杀收益每帧,Trigger|Killed|Income|Tick,
TriggerMapEffectDuration,触发地图效果持续时间,Trigger|Map|Effect|Duration,
TriggerMinimapParticle,触发小地图粒子,Trigger|Minimap|Particle,
TriggerMutiMatsTick,触发多重材质每帧,Trigger|Muti|Mats|Tick,
TriggerMutiMatsWithMoreParamTick,触发多重材质与更多参数每帧,Trigger|Muti|Mats|With|More|Param|Tick,
TriggerNewbieEquipTick,触发新手装备每帧,Trigger|Newbie|Equip|Tick,
TriggerNewbieGuideByNameTick,触发新手引导由名称每帧,Trigger|Newbie|Guide|By|Name|Tick,
TriggerNewbieGuideTick,触发新手引导每帧,Trigger|Newbie|Guide|Tick,
TriggerParticle,触发粒子,Trigger|Particle,
TriggerParticleAgeParamModifyDuration,触发粒子推进参数修改持续时间,Trigger|Particle|Age|Param|Modify|Duration,
TriggerParticlePerioidc,触发粒子周期,Trigger|Particle|Perioidc,
TriggerParticleTick,触发粒子每帧,Trigger|Particle|Tick,
TriggerPlaymakerEvent,触发Playmaker事件,Trigger|Playmaker|Event,
TriggerRemoveActiveEquipDuration,触发移除激活装备持续时间,Trigger|Remove|Active|Equip|Duration,
TriggerRemoveEquipTick,触发移除装备每帧,Trigger|Remove|Equip|Tick,
TriggerSkillBtnTimer,触发技能按钮计时器,Trigger|Skill|Btn|Timer,
TriggerSkillMarkParticleTick,触发技能标记粒子每帧,Trigger|Skill|Mark|Particle|Tick,
TriggerSkillSideButton,触发技能侧按钮,Trigger|Skill|Side|Button,
TriggerSpecielHurtEffectTick,触发特殊伤害效果每帧,Trigger|Speciel|Hurt|Effect|Tick,
TriggerTerminateEffectTick,触发终止效果每帧,Trigger|Terminate|Effect|Tick,
TrigonometricBulletDuration,三角子弹持续时间,Trigonometric|Bullet|Duration,
TriigerUIAddPartical,触发UI添加粒子,Triiger|UI|Add|Partical,
TsScriptEventReceiveDuration,时间戳脚本事件接收持续时间,Ts|Script|Event|Receive|Duration,
TsScriptEventTick,时间戳脚本事件每帧,Ts|Script|Event|Tick,
TwinMode,双模式,Twin|Mode,
USGPlayAnimDuration,USG播放动画持续时间,USG|Play|Anim|Duration,
USGPlayAnimTick,USG播放动画每帧,USG|Play|Anim|Tick,
USGStopAnimTick,USG停止动画每帧,USG|Stop|Anim|Tick,
UnPackDyingHeroTick,未打包濒死英雄每帧,Un|Pack|Dying|Hero|Tick,
UnityObjAnimIntParam,Unity对象动画整数参数,Unity|Obj|Anim|Int|Param,
UnityObjLoopDuration,Unity对象循环持续时间,Unity|Obj|Loop|Duration,
UnityObjMoveDuration,Unity对象移动持续时间,Unity|Obj|Move|Duration,
UnityObjPlayAnimDuration,Unity对象播放动画持续时间,Unity|Obj|Play|Anim|Duration,
UpdateCurrentNormalAtkSpeed,更新当前普通攻击速度,Update|Current|Normal|Atk|Speed,
UpdateWallParticleLocationDuration,更新墙粒子位置持续时间,Update|Wall|Particle|Location|Duration,
UseCommonAttackDuration,使用通用攻击持续时间,Use|Common|Attack|Duration,
UseSkillDuration,使用技能持续时间,Use|Skill|Duration,
UtilityCollisionGenerator,工具碰撞生成器,Utility|Collision|Generator,
ValidateActorPositionTick,校验角色位置每帧,Validate|Actor|Position|Tick,
VarIntCaclTick,变量整数计算每帧,Var|Int|Cacl|Tick,
VariableScopeBuffTick,变量范围增益每帧,Variable|Scope|Buff|Tick,
WallWalkFuncDuration,墙行走函数持续时间,Wall|Walk|Func|Duration,
WatchCameraFollowBulletDuration,观察相机跟随子弹持续时间,Watch|Camera|Follow|Bullet|Duration,
